{"weights_file": "muzero_weights.json", "board": [1, 0, 0, 0, -1, 0, 0, 0, 1], "obs": [0.0, 0.0, 0.0, 0.0, 1.0, 0.0, 0.0, 0.0, 0.0, 1.0, 0.0, 0.0, 0.0, 0.0, 0.0, 0.0, 0.0, 1.0], "action": 2, "initial": {"s": [0.18156397342681885, 0.9724719524383545, 0.4650211036205292, 0.4845198392868042, 1.0, 0.6125085353851318, 0.20046032965183258, 0.9734761714935303, 0.0, 0.6291865110397339, 0.438148558139801, 0.27281254529953003, 0.5212986469268799, 0.23282447457313538, 0.6104926466941833, 0.4524470269680023, 0.4803256392478943, 0.5900566577911377, 0.7859755754470825, 0.8825209736824036, 0.5749704837799072, 0.46897265315055847, 0.4841078519821167, 0.25301316380500793, 0.2771654725074768, 0.597680926322937, 0.4018387794494629, 0.39348602294921875, 0.9540665149688721, 0.15313690900802612, 0.4249593913555145, 0.05691786855459213], "logits": [-5.042660713195801, 1.7833261489868164, -0.6543136239051819, 5.094554901123047, -16.09585952758789, 0.2758057117462158, -0.0023088124580681324, 0.6506980061531067, -8.270859718322754], "v": 0.9131165146827698}, "recurrent": {"s": [0.3024560213088989, 0.6408945322036743, 0.5798915028572083, 0.40051940083503723, 0.13424676656723022, 0.39456307888031006, 0.20876169204711914, 0.4273209273815155, 0.22182603180408478, 0.22251257300376892, 0.2900314927101135, 0.31877344846725464, 0.3425705134868622, 0.10703331977128983, 1.0, 0.004923690110445023, 0.16214217245578766, 0.2233143150806427, 0.0, 0.5659270882606506, 0.2728588581085205, 0.4033559560775757, 0.109559066593647, 0.16974219679832458, 0.3050101101398468, 0.27458468079566956, 0.19470636546611786, 0.37638363242149353, 0.35455265641212463, 0.2577090859413147, 0.3001776933670044, 0.2810482382774353], "r": 0.6947612166404724, "logits": [-2.654034376144409, 2.388066291809082, -3.7157323360443115, 1.773396611213684, -7.486078262329102, 1.2163677215576172, 0.7460750937461853, -0.12627817690372467, -2.9894769191741943], "v": -0.11295484006404877}, "tolerance": 1e-05}