{"weights_file": "muzero_weights.json", "board": [1, 0, 0, 0, -1, 0, 0, 0, 1], "obs": [0.0, 0.0, 0.0, 0.0, 1.0, 0.0, 0.0, 0.0, 0.0, 1.0, 0.0, 0.0, 0.0, 0.0, 0.0, 0.0, 0.0, 1.0], "action": 2, "initial": {"s": [0.0717717781662941, 0.7311795949935913, 0.6914370656013489, 0.6449196934700012, 0.8620766997337341, 0.5604103207588196, 0.42700299620628357, 0.7727604508399963, 0.006474054418504238, 0.6975676417350769, 0.4872552454471588, 0.17857320606708527, 0.5695105195045471, 0.26651883125305176, 0.5872088074684143, 0.6150994896888733, 0.5182236433029175, 0.7264236807823181, 0.785516619682312, 1.0, 0.7102106809616089, 0.5578634142875671, 0.6626036167144775, 0.5576538443565369, 0.4495273530483246, 0.6811604499816895, 0.5189284086227417, 0.5464404821395874, 0.972450315952301, 0.0, 0.39013901352882385, 0.204215869307518], "logits": [-3.0389974117279053, 2.6333847045898438, 0.6394411325454712, 2.728569507598877, -17.392963409423828, 1.3140509128570557, 1.110997200012207, 1.9338369369506836, -5.357077121734619], "v": 0.7967986464500427}, "recurrent": {"s": [0.43295761942863464, 0.7609773278236389, 0.6049502491950989, 0.6172499656677246, 0.6199039220809937, 0.8374513387680054, 0.44457772374153137, 0.6010806560516357, 0.16458453238010406, 0.5666309595108032, 0.43344399333000183, 0.4916802644729614, 0.4756142497062683, 0.19488397240638733, 1.0, 0.2430618703365326, 0.334425151348114, 0.424766480922699, 0.0, 0.6242982745170593, 0.4730319678783417, 0.7105485796928406, 0.213872030377388, 0.4655003845691681, 0.4366789758205414, 0.3074111342430115, 0.3920958936214447, 0.56940096616745, 0.8952538371086121, 0.4629788100719452, 0.3269170820713043, 0.6058520674705505], "r": 0.5461026430130005, "logits": [-1.790488839149475, 2.949655532836914, -3.2191097736358643, 2.7183761596679688, -13.711641311645508, -0.19946005940437317, 1.6497910022735596, 1.7850492000579834, -3.0547635555267334], "v": -0.11331956833600998}, "tolerance": 1e-05}